000023.SZ,EQUITY,STOCK,EQUITY,深天地A,SZSE,1,None,股票,1股,元/股
000026.SZ,EQUITY,STOCK,EQUITY,飞亚达A,SZSE,1,None,股票,1股,元/股
000028.SZ,EQUITY,STOCK,EQUITY,国药一致,SZSE,1,None,股票,1股,元/股
000036.SZ,EQUITY,STOCK,EQUITY,华联控股,SZSE,1,None,股票,1股,元/股
000049.SZ,EQUITY,STOCK,EQUITY,德赛电池,SZSE,1,None,股票,1股,元/股
000059.SZ,EQUITY,STOCK,EQUITY,华锦股份,SZSE,1,None,股票,1股,元/股
000060.SZ,EQUITY,STOCK,EQUITY,中金岭南,SZSE,1,None,股票,1股,元/股
000062.SZ,EQUITY,STOCK,EQUITY,深圳华强,SZSE,1,None,股票,1股,元/股
000069.SZ,EQUITY,STOCK,EQUITY,华侨城A,SZSE,1,None,股票,1股,元/股
000090.SZ,EQUITY,STOCK,EQUITY,天健集团,SZSE,1,None,股票,1股,元/股
000099.SZ,EQUITY,STOCK,EQUITY,中信海直,SZSE,1,None,股票,1股,元/股
000151.SZ,EQUITY,STOCK,EQUITY,中成股份,SZSE,1,None,股票,1股,元/股
000157.SZ,EQUITY,STOCK,EQUITY,中联重科,SZSE,1,None,股票,1股,元/股
000158.SZ,EQUITY,STOCK,EQUITY,常山北明,SZSE,1,None,股票,1股,元/股
000166.SZ,EQUITY,STOCK,EQUITY,申万宏源,SZSE,1,None,股票,1股,元/股
000300.SH,EQUITY,INDEX,INDEX,沪深300,SSE,None,None,沪深300股指,,
000598.SZ,EQUITY,STOCK,EQUITY,兴蓉环境,SZSE,1,None,股票,1股,元/股
204001.SH,EQUITY,STOCK,EQUITY,GC001,SSE,1,None,股票,1股,元/股
204003.SH,EQUITY,STOCK,EQUITY,GC003,SSE,1,None,股票,1股,元/股
204007.SH,EQUITY,STOCK,EQUITY,GC007,SSE,1,None,股票,1股,元/股
204014.SH,EQUITY,STOCK,EQUITY,GC014,SSE,1,None,股票,1股,元/股
300001.SZ,EQUITY,STOCK,EQUITY,特锐德,SZSE,1,None,股票,1股,元/股
300002.SZ,EQUITY,STOCK,EQUITY,神州泰岳,SZSE,1,None,股票,1股,元/股
300003.SZ,EQUITY,STOCK,EQUITY,乐普医疗,SZSE,1,None,股票,1股,元/股
300006.SZ,EQUITY,STOCK,EQUITY,莱美药业,SZSE,1,None,股票,1股,元/股
300007.SZ,EQUITY,STOCK,EQUITY,汉威科技,SZSE,1,None,股票,1股,元/股
300009.SZ,EQUITY,STOCK,EQUITY,安科生物,SZSE,1,None,股票,1股,元/股
300012.SZ,EQUITY,STOCK,EQUITY,华测检测,SZSE,1,None,股票,1股,元/股
300014.SZ,EQUITY,STOCK,EQUITY,亿纬锂能,SZSE,1,None,股票,1股,元/股
300015.SZ,EQUITY,STOCK,EQUITY,爱尔眼科,SZSE,1,None,股票,1股,元/股
300017.SZ,EQUITY,STOCK,EQUITY,网宿科技,SZSE,1,None,股票,1股,元/股
300020.SZ,EQUITY,STOCK,EQUITY,银江股份,SZSE,1,None,股票,1股,元/股
300026.SZ,EQUITY,STOCK,EQUITY,红日药业,SZSE,1,None,股票,1股,元/股
300033.SZ,EQUITY,STOCK,EQUITY,同花顺,SZSE,1,None,股票,1股,元/股
300034.SZ,EQUITY,STOCK,EQUITY,钢研高纳,SZSE,1,None,股票,1股,元/股
300037.SZ,EQUITY,STOCK,EQUITY,新宙邦,SZSE,1,None,股票,1股,元/股
300039.SZ,EQUITY,STOCK,EQUITY,上海凯宝,SZSE,1,None,股票,1股,元/股
510050.SH,EQUITY,STOCK,EQUITY,华夏上证50ETF,SSE,1,None,股票,1股,元/股
600000.SH,EQUITY,STOCK,EQUITY,浦发银行,SSE,1,None,股票,1股,元/股
600010.SH,EQUITY,STOCK,EQUITY,包钢股份,SSE,1,None,股票,1股,元/股
600015.SH,EQUITY,STOCK,EQUITY,华夏银行,SSE,1,None,股票,1股,元/股
600016.SH,EQUITY,STOCK,EQUITY,民生银行,SSE,1,None,股票,1股,元/股
600017.SH,EQUITY,STOCK,EQUITY,日照港,SSE,1,None,股票,1股,元/股
600019.SH,EQUITY,STOCK,EQUITY,宝钢股份,SSE,1,None,股票,1股,元/股
600023.SH,EQUITY,STOCK,EQUITY,浙能电力,SSE,1,None,股票,1股,元/股
600027.SH,EQUITY,STOCK,EQUITY,华电国际,SSE,1,None,股票,1股,元/股
600029.SH,EQUITY,STOCK,EQUITY,南方航空,SSE,1,None,股票,1股,元/股
600030.SH,EQUITY,STOCK,EQUITY,中信证券,SSE,1,None,股票,1股,元/股
600031.SH,EQUITY,STOCK,EQUITY,三一重工,SSE,1,None,股票,1股,元/股
600035.SH,EQUITY,STOCK,EQUITY,楚天高速,SSE,1,None,股票,1股,元/股
600037.SH,EQUITY,STOCK,EQUITY,歌华有线,SSE,1,None,股票,1股,元/股
600038.SH,EQUITY,STOCK,EQUITY,中直股份,SSE,1,None,股票,1股,元/股
A1909.DCE,COMMODITY,FUTURES,AGRICULTURE,黄大豆1号1909,DCE,10,2019-09-16,黄大豆1号,10吨,人民币元/吨
A1911.DCE,COMMODITY,FUTURES,AGRICULTURE,黄大豆1号1911,DCE,10,2019-11-14,黄大豆1号,10吨,人民币元/吨
A2001.DCE,COMMODITY,FUTURES,AGRICULTURE,黄大豆1号2001,DCE,10,2020-01-15,黄大豆1号,10吨,人民币元/吨
A2003.DCE,COMMODITY,FUTURES,AGRICULTURE,黄大豆1号2003,DCE,10,2020-03-13,黄大豆1号,10吨,人民币元/吨
AG1909.SHF,COMMODITY,FUTURES,PRECIOUS_METAL,白银1909,SHFE,15,2019-09-16,白银,15千克,人民币元/千克
AG1910.SHF,COMMODITY,FUTURES,PRECIOUS_METAL,白银1910,SHFE,15,2019-10-15,白银,15千克,人民币元/千克
AG1911.SHF,COMMODITY,FUTURES,PRECIOUS_METAL,白银1911,SHFE,15,2019-11-15,白银,15千克,人民币元/千克
AG1912.SHF,COMMODITY,FUTURES,PRECIOUS_METAL,白银1912,SHFE,15,2019-12-16,白银,15千克,人民币元/千克
AG2001.SHF,COMMODITY,FUTURES,PRECIOUS_METAL,白银2001,SHFE,15,2020-01-15,白银,15千克,人民币元/千克
AG2002.SHF,COMMODITY,FUTURES,PRECIOUS_METAL,白银2002,SHFE,15,2020-02-17,白银,15千克,人民币元/千克
AG2003.SHF,COMMODITY,FUTURES,PRECIOUS_METAL,白银2003,SHFE,15,2020-03-16,白银,15千克,人民币元/千克
AL1909.SHF,COMMODITY,FUTURES,METAL,铝1909,SHFE,50,2019-09-16,铝,5吨,人民币元/吨
AL1910.SHF,COMMODITY,FUTURES,METAL,铝1910,SHFE,50,2019-10-15,铝,5吨,人民币元/吨
AL1911.SHF,COMMODITY,FUTURES,METAL,铝1911,SHFE,50,2019-11-15,铝,5吨,人民币元/吨
AL1912.SHF,COMMODITY,FUTURES,METAL,铝1912,SHFE,50,2019-12-16,铝,5吨,人民币元/吨
AL2001.SHF,COMMODITY,FUTURES,METAL,铝2001,SHFE,50,2020-01-15,铝,5吨,人民币元/吨
AL2002.SHF,COMMODITY,FUTURES,METAL,铝2002,SHFE,50,2020-02-17,铝,5吨,人民币元/吨
AL2003.SHF,COMMODITY,FUTURES,METAL,铝2003,SHFE,50,2020-03-16,铝,5吨,人民币元/吨
AP001.CZC,COMMODITY,FUTURES,AGRICULTURE,鲜苹果2001,CZCE,10,2020-01-15,鲜苹果,10吨,人民币元/吨
AP003.CZC,COMMODITY,FUTURES,AGRICULTURE,鲜苹果2003,CZCE,10,2020-03-13,鲜苹果,10吨,人民币元/吨
AP910.CZC,COMMODITY,FUTURES,AGRICULTURE,鲜苹果1910,CZCE,10,2019-10-21,鲜苹果,10吨,人民币元/吨
AP911.CZC,COMMODITY,FUTURES,AGRICULTURE,鲜苹果1911,CZCE,10,2019-11-14,鲜苹果,10吨,人民币元/吨
AP912.CZC,COMMODITY,FUTURES,AGRICULTURE,鲜苹果1912,CZCE,10,2019-12-13,鲜苹果,10吨,人民币元/吨
AU1910.SHF,COMMODITY,FUTURES,PRECIOUS_METAL,黄金1910,SHFE,1000,2019-10-15,黄金,1000克,人民币元/克
AU1912.SHF,COMMODITY,FUTURES,PRECIOUS_METAL,黄金1912,SHFE,1000,2019-12-16,黄金,1000克,人民币元/克
AU2002.SHF,COMMODITY,FUTURES,PRECIOUS_METAL,黄金2002,SHFE,1000,2020-02-17,黄金,1000克,人民币元/克
AU9999.SGE,COMMODITY,SPOT,PRECIOUS_METAL,黄金9999,SGE,1000,None,黄金,1000克,人民币元/克
BU1909.SHF,COMMODITY,FUTURES,RESOURCE,石油沥青1909,SHFE,10,2019-09-16,石油沥青,10吨,人民币元/吨
BU1910.SHF,COMMODITY,FUTURES,RESOURCE,石油沥青1910,SHFE,10,2019-10-15,石油沥青,10吨,人民币元/吨
BU1911.SHF,COMMODITY,FUTURES,RESOURCE,石油沥青1911,SHFE,10,2019-11-15,石油沥青,10吨,人民币元/吨
BU1912.SHF,COMMODITY,FUTURES,RESOURCE,石油沥青1912,SHFE,10,2019-12-16,石油沥青,10吨,人民币元/吨
BU2003.SHF,COMMODITY,FUTURES,RESOURCE,石油沥青2003,SHFE,10,2020-03-16,石油沥青,10吨,人民币元/吨
C1909.DCE,COMMODITY,FUTURES,AGRICULTURE,黄玉米1909,DCE,10,2019-09-16,黄玉米,10吨,人民币元/吨
C1911.DCE,COMMODITY,FUTURES,AGRICULTURE,黄玉米1911,DCE,10,2019-11-14,黄玉米,10吨,人民币元/吨
C2001.DCE,COMMODITY,FUTURES,AGRICULTURE,黄玉米2001,DCE,10,2020-01-15,黄玉米,10吨,人民币元/吨
C2003.DCE,COMMODITY,FUTURES,AGRICULTURE,黄玉米2003,DCE,10,2020-03-13,黄玉米,10吨,人民币元/吨
CF001.CZC,COMMODITY,FUTURES,AGRICULTURE,一号棉花2001,CZCE,5,2020-01-15,一号棉花,5吨,人民币元/吨
CF003.CZC,COMMODITY,FUTURES,AGRICULTURE,一号棉花2003,CZCE,5,2020-03-13,一号棉花,5吨,人民币元/吨
CF909.CZC,COMMODITY,FUTURES,AGRICULTURE,一号棉花1909,CZCE,5,2019-09-16,一号棉花,5吨,人民币元/吨
CF911.CZC,COMMODITY,FUTURES,AGRICULTURE,一号棉花1911,CZCE,5,2019-11-14,一号棉花,5吨,人民币元/吨
CS1909.DCE,COMMODITY,FUTURES,AGRICULTURE,玉米淀粉1909,DCE,10,2019-09-16,玉米淀粉,10吨,人民币元/吨
CS1911.DCE,COMMODITY,FUTURES,AGRICULTURE,玉米淀粉1911,DCE,10,2019-11-14,玉米淀粉,10吨,人民币元/吨
CS2001.DCE,COMMODITY,FUTURES,AGRICULTURE,玉米淀粉2001,DCE,10,2020-01-15,玉米淀粉,10吨,人民币元/吨
CS2003.DCE,COMMODITY,FUTURES,AGRICULTURE,玉米淀粉2003,DCE,10,2020-03-13,玉米淀粉,10吨,人民币元/吨
CU1909.SHF,COMMODITY,FUTURES,METAL,铜1909,SHFE,5,2019-09-16,铜,5吨,人民币元/吨
CU1910.SHF,COMMODITY,FUTURES,METAL,铜1910,SHFE,5,2019-10-15,铜,5吨,人民币元/吨
CU1911.SHF,COMMODITY,FUTURES,METAL,铜1911,SHFE,5,2019-11-15,铜,5吨,人民币元/吨
CU1912.SHF,COMMODITY,FUTURES,METAL,铜1912,SHFE,5,2019-12-16,铜,5吨,人民币元/吨
CU2001.SHF,COMMODITY,FUTURES,METAL,铜2001,SHFE,5,2020-01-15,铜,5吨,人民币元/吨
CU2002.SHF,COMMODITY,FUTURES,METAL,铜2002,SHFE,5,2020-02-17,铜,5吨,人民币元/吨
CU2003.SHF,COMMODITY,FUTURES,METAL,铜2003,SHFE,5,2020-03-16,铜,5吨,人民币元/吨
FG001.CZC,COMMODITY,FUTURES,RESOURCE,平板玻璃2001,CZCE,20,2020-01-15,平板玻璃,20吨,人民币元/吨
FG002.CZC,COMMODITY,FUTURES,RESOURCE,平板玻璃2002,CZCE,20,2020-02-14,平板玻璃,20吨,人民币元/吨
FG003.CZC,COMMODITY,FUTURES,RESOURCE,平板玻璃2003,CZCE,20,2020-03-13,平板玻璃,20吨,人民币元/吨
FG909.CZC,COMMODITY,FUTURES,RESOURCE,平板玻璃1909,CZCE,20,2019-09-16,平板玻璃,20吨,人民币元/吨
FG910.CZC,COMMODITY,FUTURES,RESOURCE,平板玻璃1910,CZCE,20,2019-10-21,平板玻璃,20吨,人民币元/吨
FG911.CZC,COMMODITY,FUTURES,RESOURCE,平板玻璃1911,CZCE,20,2019-11-14,平板玻璃,20吨,人民币元/吨
FG912.CZC,COMMODITY,FUTURES,RESOURCE,平板玻璃1912,CZCE,20,2019-12-13,平板玻璃,20吨,人民币元/吨
FU1910.SHF,COMMODITY,FUTURES,RESOURCE,燃料油1910,SHFE,10,2019-09-23,燃料油,10吨,人民币元/吨
FU1911.SHF,COMMODITY,FUTURES,RESOURCE,燃料油1911,SHFE,10,2019-10-31,燃料油,10吨,人民币元/吨
FU1912.SHF,COMMODITY,FUTURES,RESOURCE,燃料油1912,SHFE,10,2019-11-29,燃料油,10吨,人民币元/吨
FU2001.SHF,COMMODITY,FUTURES,RESOURCE,燃料油2001,SHFE,10,2019-12-31,燃料油,10吨,人民币元/吨
FU2002.SHF,COMMODITY,FUTURES,RESOURCE,燃料油2002,SHFE,10,2020-01-31,燃料油,10吨,人民币元/吨
FU2003.SHF,COMMODITY,FUTURES,RESOURCE,燃料油2003,SHFE,10,2020-02-28,燃料油,10吨,人民币元/吨
FU2004.SHF,COMMODITY,FUTURES,RESOURCE,燃料油2004,SHFE,10,2020-03-31,燃料油,10吨,人民币元/吨
HC1909.SHF,COMMODITY,FUTURES,RESOURCE,热轧卷板1909,SHFE,10,2019-09-16,热轧卷板,10吨,人民币元/吨
HC1910.SHF,COMMODITY,FUTURES,RESOURCE,热轧卷板1910,SHFE,10,2019-10-15,热轧卷板,10吨,人民币元/吨
HC1911.SHF,COMMODITY,FUTURES,RESOURCE,热轧卷板1911,SHFE,10,2019-11-15,热轧卷板,10吨,人民币元/吨
HC1912.SHF,COMMODITY,FUTURES,RESOURCE,热轧卷板1912,SHFE,10,2019-12-16,热轧卷板,10吨,人民币元/吨
HC2001.SHF,COMMODITY,FUTURES,RESOURCE,热轧卷板2001,SHFE,10,2020-01-15,热轧卷板,10吨,人民币元/吨
HC2002.SHF,COMMODITY,FUTURES,RESOURCE,热轧卷板2002,SHFE,10,2020-02-17,热轧卷板,10吨,人民币元/吨
HC2003.SHF,COMMODITY,FUTURES,RESOURCE,热轧卷板2003,SHFE,10,2020-03-16,热轧卷板,10吨,人民币元/吨
I1909.DCE,COMMODITY,FUTURES,RESOURCE,铁矿石1909,DCE,100,2019-09-16,铁矿石,100吨,人民币元/吨
I1910.DCE,COMMODITY,FUTURES,RESOURCE,铁矿石1910,DCE,100,2019-10-21,铁矿石,100吨,人民币元/吨
I1911.DCE,COMMODITY,FUTURES,RESOURCE,铁矿石1911,DCE,100,2019-11-14,铁矿石,100吨,人民币元/吨
I1912.DCE,COMMODITY,FUTURES,RESOURCE,铁矿石1912,DCE,100,2019-12-13,铁矿石,100吨,人民币元/吨
I2001.DCE,COMMODITY,FUTURES,RESOURCE,铁矿石2001,DCE,100,2020-01-15,铁矿石,100吨,人民币元/吨
I2002.DCE,COMMODITY,FUTURES,RESOURCE,铁矿石2002,DCE,100,2020-02-14,铁矿石,100吨,人民币元/吨
I2003.DCE,COMMODITY,FUTURES,RESOURCE,铁矿石2003,DCE,100,2020-03-13,铁矿石,100吨,人民币元/吨
IC1909.CFE,EQUITY,INDEX_FUTURES,INDEX,中证500期货1909,CFFEX,200,2019-09-20,中证500期货,1张,指数点
IC1912.CFE,EQUITY,INDEX_FUTURES,INDEX,中证500期货1912,CFFEX,200,2019-12-18,中证500期货,1张,指数点
IF1909.CFE,EQUITY,INDEX_FUTURES,INDEX,沪深300期货1909,CFFEX,300,2019-09-20,沪深300期货,1张,指数点
IF1912.CFE,EQUITY,INDEX_FUTURES,INDEX,沪深300期货1912,CFFEX,300,2019-12-18,沪深300期货,1张,指数点
J1909.DCE,COMMODITY,FUTURES,RESOURCE,冶金焦炭1909,DCE,100,2019-09-16,冶金焦炭,100吨,人民币元/吨
J1910.DCE,COMMODITY,FUTURES,RESOURCE,冶金焦炭1910,DCE,100,2019-10-21,冶金焦炭,100吨,人民币元/吨
J1911.DCE,COMMODITY,FUTURES,RESOURCE,冶金焦炭1911,DCE,100,2019-11-14,冶金焦炭,100吨,人民币元/吨
J1912.DCE,COMMODITY,FUTURES,RESOURCE,冶金焦炭1912,DCE,100,2019-12-13,冶金焦炭,100吨,人民币元/吨
J2001.DCE,COMMODITY,FUTURES,RESOURCE,冶金焦炭2001,DCE,100,2020-01-15,冶金焦炭,100吨,人民币元/吨
J2002.DCE,COMMODITY,FUTURES,RESOURCE,冶金焦炭2002,DCE,100,2020-02-14,冶金焦炭,100吨,人民币元/吨
J2003.DCE,COMMODITY,FUTURES,RESOURCE,冶金焦炭2003,DCE,100,2020-03-13,冶金焦炭,100吨,人民币元/吨
JD1909.DCE,COMMODITY,FUTURES,AGRICULTURE,鲜鸡蛋1909,DCE,10,2019-09-25,鲜鸡蛋,5吨,人民币元/500千克
JD1910.DCE,COMMODITY,FUTURES,AGRICULTURE,鲜鸡蛋1910,DCE,10,2019-10-28,鲜鸡蛋,5吨,人民币元/500千克
JD1911.DCE,COMMODITY,FUTURES,AGRICULTURE,鲜鸡蛋1911,DCE,10,2019-11-26,鲜鸡蛋,5吨,人民币元/500千克
JD1912.DCE,COMMODITY,FUTURES,AGRICULTURE,鲜鸡蛋1912,DCE,10,2019-12-26,鲜鸡蛋,5吨,人民币元/500千克
JD2001.DCE,COMMODITY,FUTURES,AGRICULTURE,鲜鸡蛋2001,DCE,10,2020-01-28,鲜鸡蛋,5吨,人民币元/500千克
JD2002.DCE,COMMODITY,FUTURES,AGRICULTURE,鲜鸡蛋2002,DCE,10,2020-02-25,鲜鸡蛋,5吨,人民币元/500千克
JD2003.DCE,COMMODITY,FUTURES,AGRICULTURE,鲜鸡蛋2003,DCE,10,2020-03-26,鲜鸡蛋,5吨,人民币元/500千克
JM1909.DCE,COMMODITY,FUTURES,RESOURCE,焦煤1909,DCE,60,2019-09-16,焦煤,60吨,人民币元/吨
JM1910.DCE,COMMODITY,FUTURES,RESOURCE,焦煤1910,DCE,60,2019-10-21,焦煤,60吨,人民币元/吨
JM1911.DCE,COMMODITY,FUTURES,RESOURCE,焦煤1911,DCE,60,2019-11-14,焦煤,60吨,人民币元/吨
JM1912.DCE,COMMODITY,FUTURES,RESOURCE,焦煤1912,DCE,60,2019-12-13,焦煤,60吨,人民币元/吨
JM2001.DCE,COMMODITY,FUTURES,RESOURCE,焦煤2001,DCE,60,2020-01-15,焦煤,60吨,人民币元/吨
JM2002.DCE,COMMODITY,FUTURES,RESOURCE,焦煤2002,DCE,60,2020-02-14,焦煤,60吨,人民币元/吨
JM2003.DCE,COMMODITY,FUTURES,RESOURCE,焦煤2003,DCE,60,2020-03-13,焦煤,60吨,人民币元/吨
L1909.DCE,COMMODITY,FUTURES,RESOURCE,线型低密度聚乙烯1909,DCE,5,2019-09-16,线型低密度聚乙烯,5吨,人民币元/吨
L1910.DCE,COMMODITY,FUTURES,RESOURCE,线型低密度聚乙烯1910,DCE,5,2019-10-21,线型低密度聚乙烯,5吨,人民币元/吨
L1911.DCE,COMMODITY,FUTURES,RESOURCE,线型低密度聚乙烯1911,DCE,5,2019-11-14,线型低密度聚乙烯,5吨,人民币元/吨
L1912.DCE,COMMODITY,FUTURES,RESOURCE,线型低密度聚乙烯1912,DCE,5,2019-12-13,线型低密度聚乙烯,5吨,人民币元/吨
L2001.DCE,COMMODITY,FUTURES,RESOURCE,线型低密度聚乙烯2001,DCE,5,2020-01-15,线型低密度聚乙烯,5吨,人民币元/吨
L2002.DCE,COMMODITY,FUTURES,RESOURCE,线型低密度聚乙烯2002,DCE,5,2020-02-14,线型低密度聚乙烯,5吨,人民币元/吨
L2003.DCE,COMMODITY,FUTURES,RESOURCE,线型低密度聚乙烯2003,DCE,5,2020-03-13,线型低密度聚乙烯,5吨,人民币元/吨
M1909.DCE,COMMODITY,FUTURES,AGRICULTURE,豆粕1909,DCE,10,2019-09-16,豆粕,10吨,人民币元/吨
M1911.DCE,COMMODITY,FUTURES,AGRICULTURE,豆粕1911,DCE,10,2019-11-14,豆粕,10吨,人民币元/吨
M1912.DCE,COMMODITY,FUTURES,AGRICULTURE,豆粕1912,DCE,10,2019-12-13,豆粕,10吨,人民币元/吨
M2001.DCE,COMMODITY,FUTURES,AGRICULTURE,豆粕2001,DCE,10,2020-01-15,豆粕,10吨,人民币元/吨
M2003.DCE,COMMODITY,FUTURES,AGRICULTURE,豆粕2003,DCE,10,2020-03-13,豆粕,10吨,人民币元/吨
MA001.CZC,COMMODITY,FUTURES,RESOURCE,甲醇2001,CZCE,10,2020-01-15,甲醇,10吨,人民币元/吨
MA002.CZC,COMMODITY,FUTURES,RESOURCE,甲醇2002,CZCE,10,2020-02-14,甲醇,10吨,人民币元/吨
MA003.CZC,COMMODITY,FUTURES,RESOURCE,甲醇2003,CZCE,10,2020-03-13,甲醇,10吨,人民币元/吨
MA909.CZC,COMMODITY,FUTURES,RESOURCE,甲醇1909,CZCE,10,2019-09-16,甲醇,10吨,人民币元/吨
MA910.CZC,COMMODITY,FUTURES,RESOURCE,甲醇1910,CZCE,10,2019-10-21,甲醇,10吨,人民币元/吨
MA911.CZC,COMMODITY,FUTURES,RESOURCE,甲醇1911,CZCE,10,2019-11-14,甲醇,10吨,人民币元/吨
MA912.CZC,COMMODITY,FUTURES,RESOURCE,甲醇1912,CZCE,10,2019-12-13,甲醇,10吨,人民币元/吨
NI1909.SHF,COMMODITY,FUTURES,METAL,镍1909,SHFE,1,2019-09-16,镍,1吨,人民币元/吨
NI1910.SHF,COMMODITY,FUTURES,METAL,镍1910,SHFE,1,2019-10-15,镍,1吨,人民币元/吨
NI1911.SHF,COMMODITY,FUTURES,METAL,镍1911,SHFE,1,2019-11-15,镍,1吨,人民币元/吨
NI1912.SHF,COMMODITY,FUTURES,METAL,镍1912,SHFE,1,2019-12-16,镍,1吨,人民币元/吨
NI2001.SHF,COMMODITY,FUTURES,METAL,镍2001,SHFE,1,2020-01-15,镍,1吨,人民币元/吨
NI2002.SHF,COMMODITY,FUTURES,METAL,镍2002,SHFE,1,2020-02-17,镍,1吨,人民币元/吨
NI2003.SHF,COMMODITY,FUTURES,METAL,镍2003,SHFE,1,2020-03-16,镍,1吨,人民币元/吨
OI001.CZC,COMMODITY,FUTURES,AGRICULTURE,菜籽油2001,CZCE,10,2020-01-15,菜籽油,10吨,人民币元/吨
OI003.CZC,COMMODITY,FUTURES,AGRICULTURE,菜籽油2003,CZCE,10,2020-03-13,菜籽油,10吨,人民币元/吨
OI909.CZC,COMMODITY,FUTURES,AGRICULTURE,菜籽油1909,CZCE,10,2019-09-16,菜籽油,10吨,人民币元/吨
OI911.CZC,COMMODITY,FUTURES,AGRICULTURE,菜籽油1911,CZCE,10,2019-11-14,菜籽油,10吨,人民币元/吨
P1909.DCE,COMMODITY,FUTURES,AGRICULTURE,棕榈油1909,DCE,10,2019-09-16,棕榈油,10吨,人民币元/吨
P1910.DCE,COMMODITY,FUTURES,AGRICULTURE,棕榈油1910,DCE,10,2019-10-21,棕榈油,10吨,人民币元/吨
P1911.DCE,COMMODITY,FUTURES,AGRICULTURE,棕榈油1911,DCE,10,2019-11-14,棕榈油,10吨,人民币元/吨
P1912.DCE,COMMODITY,FUTURES,AGRICULTURE,棕榈油1912,DCE,10,2019-12-13,棕榈油,10吨,人民币元/吨
P2001.DCE,COMMODITY,FUTURES,AGRICULTURE,棕榈油2001,DCE,10,2020-01-15,棕榈油,10吨,人民币元/吨
P2002.DCE,COMMODITY,FUTURES,AGRICULTURE,棕榈油2002,DCE,10,2020-02-14,棕榈油,10吨,人民币元/吨
P2003.DCE,COMMODITY,FUTURES,AGRICULTURE,棕榈油2003,DCE,10,2020-03-13,棕榈油,10吨,人民币元/吨
PB1909.SHF,COMMODITY,FUTURES,METAL,铅1909,SHFE,5,2019-09-16,铅,5吨,人民币元/吨
PB1910.SHF,COMMODITY,FUTURES,METAL,铅1910,SHFE,5,2019-10-15,铅,5吨,人民币元/吨
PB1911.SHF,COMMODITY,FUTURES,METAL,铅1911,SHFE,5,2019-11-15,铅,5吨,人民币元/吨
PB1912.SHF,COMMODITY,FUTURES,METAL,铅1912,SHFE,5,2019-12-16,铅,5吨,人民币元/吨
PB2001.SHF,COMMODITY,FUTURES,METAL,铅2001,SHFE,5,2020-01-15,铅,5吨,人民币元/吨
PB2002.SHF,COMMODITY,FUTURES,METAL,铅2002,SHFE,5,2020-02-17,铅,5吨,人民币元/吨
PB2003.SHF,COMMODITY,FUTURES,METAL,铅2003,SHFE,5,2020-03-16,铅,5吨,人民币元/吨
PP1909.DCE,COMMODITY,FUTURES,RESOURCE,聚丙烯1909,DCE,5,2019-09-16,聚丙烯,5吨,人民币元/吨
PP1910.DCE,COMMODITY,FUTURES,RESOURCE,聚丙烯1910,DCE,5,2019-10-21,聚丙烯,5吨,人民币元/吨
PP1911.DCE,COMMODITY,FUTURES,RESOURCE,聚丙烯1911,DCE,5,2019-11-14,聚丙烯,5吨,人民币元/吨
PP1912.DCE,COMMODITY,FUTURES,RESOURCE,聚丙烯1912,DCE,5,2019-12-13,聚丙烯,5吨,人民币元/吨
PP2001.DCE,COMMODITY,FUTURES,RESOURCE,聚丙烯2001,DCE,5,2020-01-15,聚丙烯,5吨,人民币元/吨
PP2002.DCE,COMMODITY,FUTURES,RESOURCE,聚丙烯2002,DCE,5,2020-02-14,聚丙烯,5吨,人民币元/吨
PP2003.DCE,COMMODITY,FUTURES,RESOURCE,聚丙烯2003,DCE,5,2020-03-13,聚丙烯,5吨,人民币元/吨
RB1909.SHF,COMMODITY,FUTURES,METAL,螺纹钢1909,SHFE,10,2019-09-16,螺纹钢,10吨,人民币元/吨
RB1910.SHF,COMMODITY,FUTURES,METAL,螺纹钢1910,SHFE,10,2019-10-15,螺纹钢,10吨,人民币元/吨
RB1911.SHF,COMMODITY,FUTURES,METAL,螺纹钢1911,SHFE,10,2019-11-15,螺纹钢,10吨,人民币元/吨
RB1912.SHF,COMMODITY,FUTURES,METAL,螺纹钢1912,SHFE,10,2019-12-16,螺纹钢,10吨,人民币元/吨
RB2001.SHF,COMMODITY,FUTURES,METAL,螺纹钢2001,SHFE,10,2020-01-15,螺纹钢,10吨,人民币元/吨
RB2002.SHF,COMMODITY,FUTURES,METAL,螺纹钢2002,SHFE,10,2020-02-17,螺纹钢,10吨,人民币元/吨
RB2003.SHF,COMMODITY,FUTURES,METAL,螺纹钢2003,SHFE,10,2020-03-16,螺纹钢,10吨,人民币元/吨
RM001.CZC,COMMODITY,FUTURES,AGRICULTURE,菜籽粕2001,CZCE,10,2020-01-15,菜籽粕,10吨,人民币元/吨
RM003.CZC,COMMODITY,FUTURES,AGRICULTURE,菜籽粕2003,CZCE,10,2020-03-13,菜籽粕,10吨,人民币元/吨
RM909.CZC,COMMODITY,FUTURES,AGRICULTURE,菜籽粕1909,CZCE,10,2019-09-16,菜籽粕,10吨,人民币元/吨
RM911.CZC,COMMODITY,FUTURES,AGRICULTURE,菜籽粕1911,CZCE,10,2019-11-14,菜籽粕,10吨,人民币元/吨
RU1909.SHF,COMMODITY,FUTURES,RESOURCE,天然橡胶1909,SHFE,10,2019-09-16,天然橡胶,10吨,人民币元/吨
RU1910.SHF,COMMODITY,FUTURES,RESOURCE,天然橡胶1910,SHFE,10,2019-10-15,天然橡胶,10吨,人民币元/吨
RU1911.SHF,COMMODITY,FUTURES,RESOURCE,天然橡胶1911,SHFE,10,2019-11-15,天然橡胶,10吨,人民币元/吨
RU2001.SHF,COMMODITY,FUTURES,RESOURCE,天然橡胶2001,SHFE,10,2020-01-15,天然橡胶,10吨,人民币元/吨
RU2003.SHF,COMMODITY,FUTURES,RESOURCE,天然橡胶2003,SHFE,10,2020-03-16,天然橡胶,10吨,人民币元/吨
SF001.CZC,COMMODITY,FUTURES,RESOURCE,硅铁2001,CZCE,5,2020-01-15,硅铁,5吨,人民币元/吨
SF002.CZC,COMMODITY,FUTURES,RESOURCE,硅铁2002,CZCE,5,2020-02-14,硅铁,5吨,人民币元/吨
SF003.CZC,COMMODITY,FUTURES,RESOURCE,硅铁2003,CZCE,5,2020-03-13,硅铁,5吨,人民币元/吨
SF909.CZC,COMMODITY,FUTURES,RESOURCE,硅铁1909,CZCE,5,2019-09-16,硅铁,5吨,人民币元/吨
SF910.CZC,COMMODITY,FUTURES,RESOURCE,硅铁1910,CZCE,5,2019-10-21,硅铁,5吨,人民币元/吨
SF911.CZC,COMMODITY,FUTURES,RESOURCE,硅铁1911,CZCE,5,2019-11-14,硅铁,5吨,人民币元/吨
SF912.CZC,COMMODITY,FUTURES,RESOURCE,硅铁1912,CZCE,5,2019-12-13,硅铁,5吨,人民币元/吨
SM001.CZC,COMMODITY,FUTURES,RESOURCE,锰硅2001,CZCE,5,2020-01-15,锰硅,5吨,人民币元/吨
SM002.CZC,COMMODITY,FUTURES,RESOURCE,锰硅2002,CZCE,5,2020-02-14,锰硅,5吨,人民币元/吨
SM003.CZC,COMMODITY,FUTURES,RESOURCE,锰硅2003,CZCE,5,2020-03-13,锰硅,5吨,人民币元/吨
SM909.CZC,COMMODITY,FUTURES,RESOURCE,锰硅1909,CZCE,5,2019-09-16,锰硅,5吨,人民币元/吨
SM910.CZC,COMMODITY,FUTURES,RESOURCE,锰硅1910,CZCE,5,2019-10-21,锰硅,5吨,人民币元/吨
SM911.CZC,COMMODITY,FUTURES,RESOURCE,锰硅1911,CZCE,5,2019-11-14,锰硅,5吨,人民币元/吨
SM912.CZC,COMMODITY,FUTURES,RESOURCE,锰硅1912,CZCE,5,2019-12-13,锰硅,5吨,人民币元/吨
SR001.CZC,COMMODITY,FUTURES,AGRICULTURE,白砂糖2001,CZCE,10,2020-01-15,白砂糖,10吨,人民币元/吨
SR003.CZC,COMMODITY,FUTURES,AGRICULTURE,白砂糖2003,CZCE,10,2020-03-13,白砂糖,10吨,人民币元/吨
SR909.CZC,COMMODITY,FUTURES,AGRICULTURE,白砂糖1909,CZCE,10,2019-09-16,白砂糖,10吨,人民币元/吨
SR911.CZC,COMMODITY,FUTURES,AGRICULTURE,白砂糖1911,CZCE,10,2019-11-14,白砂糖,10吨,人民币元/吨
TA001.CZC,COMMODITY,FUTURES,RESOURCE,精对苯二甲酸(PTA)2001,CZCE,5,2020-01-15,精对苯二甲酸(PTA),5吨,人民币元/吨
TA002.CZC,COMMODITY,FUTURES,RESOURCE,精对苯二甲酸(PTA)2002,CZCE,5,2020-02-14,精对苯二甲酸(PTA),5吨,人民币元/吨
TA003.CZC,COMMODITY,FUTURES,RESOURCE,精对苯二甲酸(PTA)2003,CZCE,5,2020-03-13,精对苯二甲酸(PTA),5吨,人民币元/吨
TA909.CZC,COMMODITY,FUTURES,RESOURCE,精对苯二甲酸(PTA)1909,CZCE,5,2019-09-16,精对苯二甲酸(PTA),5吨,人民币元/吨
TA910.CZC,COMMODITY,FUTURES,RESOURCE,精对苯二甲酸(PTA)1910,CZCE,5,2019-10-21,精对苯二甲酸(PTA),5吨,人民币元/吨
TA911.CZC,COMMODITY,FUTURES,RESOURCE,精对苯二甲酸(PTA)1911,CZCE,5,2019-11-14,精对苯二甲酸(PTA),5吨,人民币元/吨
TA912.CZC,COMMODITY,FUTURES,RESOURCE,精对苯二甲酸(PTA)1912,CZCE,5,2019-12-13,精对苯二甲酸(PTA),5吨,人民币元/吨
V1909.DCE,COMMODITY,FUTURES,RESOURCE,聚氯乙烯1909,DCE,5,2019-09-16,聚氯乙烯,5吨,人民币元/吨
V1910.DCE,COMMODITY,FUTURES,RESOURCE,聚氯乙烯1910,DCE,5,2019-10-21,聚氯乙烯,5吨,人民币元/吨
V1911.DCE,COMMODITY,FUTURES,RESOURCE,聚氯乙烯1911,DCE,5,2019-11-14,聚氯乙烯,5吨,人民币元/吨
V1912.DCE,COMMODITY,FUTURES,RESOURCE,聚氯乙烯1912,DCE,5,2019-12-13,聚氯乙烯,5吨,人民币元/吨
V2001.DCE,COMMODITY,FUTURES,RESOURCE,聚氯乙烯2001,DCE,5,2020-01-15,聚氯乙烯,5吨,人民币元/吨
V2002.DCE,COMMODITY,FUTURES,RESOURCE,聚氯乙烯2002,DCE,5,2020-02-14,聚氯乙烯,5吨,人民币元/吨
V2003.DCE,COMMODITY,FUTURES,RESOURCE,聚氯乙烯2003,DCE,5,2020-03-13,聚氯乙烯,5吨,人民币元/吨
Y1909.DCE,COMMODITY,FUTURES,AGRICULTURE,大豆原油1909,DCE,10,2019-09-16,大豆原油,10吨,人民币元/吨
Y1911.DCE,COMMODITY,FUTURES,AGRICULTURE,大豆原油1911,DCE,10,2019-11-14,大豆原油,10吨,人民币元/吨
Y1912.DCE,COMMODITY,FUTURES,AGRICULTURE,大豆原油1912,DCE,10,2019-12-13,大豆原油,10吨,人民币元/吨
Y2001.DCE,COMMODITY,FUTURES,AGRICULTURE,大豆原油2001,DCE,10,2020-01-15,大豆原油,10吨,人民币元/吨
Y2003.DCE,COMMODITY,FUTURES,AGRICULTURE,大豆原油2003,DCE,10,2020-03-13,大豆原油,10吨,人民币元/吨
ZC001.CZC,COMMODITY,FUTURES,RESOURCE,动力煤2001,CZCE,100,2020-01-08,动力煤,100吨,人民币元/吨
ZC002.CZC,COMMODITY,FUTURES,RESOURCE,动力煤2002,CZCE,100,2020-02-07,动力煤,100吨,人民币元/吨
ZC003.CZC,COMMODITY,FUTURES,RESOURCE,动力煤2003,CZCE,100,2020-03-06,动力煤,100吨,人民币元/吨
ZC909.CZC,COMMODITY,FUTURES,RESOURCE,动力煤1909,CZCE,100,2019-09-06,动力煤,100吨,人民币元/吨
ZC910.CZC,COMMODITY,FUTURES,RESOURCE,动力煤1910,CZCE,100,2019-10-14,动力煤,100吨,人民币元/吨
ZC911.CZC,COMMODITY,FUTURES,RESOURCE,动力煤1911,CZCE,100,2019-11-07,动力煤,100吨,人民币元/吨
ZC912.CZC,COMMODITY,FUTURES,RESOURCE,动力煤1912,CZCE,100,2019-12-06,动力煤,100吨,人民币元/吨
ZN1909.SHF,COMMODITY,FUTURES,METAL,锌1909,SHFE,5,2019-09-16,锌,5吨,人民币元/吨
ZN1910.SHF,COMMODITY,FUTURES,METAL,锌1910,SHFE,5,2019-10-15,锌,5吨,人民币元/吨
ZN1911.SHF,COMMODITY,FUTURES,METAL,锌1911,SHFE,5,2019-11-15,锌,5吨,人民币元/吨
ZN1912.SHF,COMMODITY,FUTURES,METAL,锌1912,SHFE,5,2019-12-16,锌,5吨,人民币元/吨
ZN2001.SHF,COMMODITY,FUTURES,METAL,锌2001,SHFE,5,2020-01-15,锌,5吨,人民币元/吨
ZN2002.SHF,COMMODITY,FUTURES,METAL,锌2002,SHFE,5,2020-02-17,锌,5吨,人民币元/吨
ZN2003.SHF,COMMODITY,FUTURES,METAL,锌2003,SHFE,5,2020-03-16,锌,5吨,人民币元/吨
